{"cameraMode":{"drawMode":0,"name":"Shaded","section":"Shading Mode"},"sceneLighting":false,"audioPlay":false,"sceneViewState":{"showFog":true,"showMaterialUpdate":false,"showSkybox":false,"showFlares":true,"showImageEffects":true,"showParticleSystems":true},"in2DMode":false,"pivot":{"x":12.319999694824219,"y":16.969999313354493,"z":-0.49000000953674319},"rotation":{"x":0.2278057485818863,"y":0.003761671483516693,"z":-0.0008848672150634229,"w":0.9737764596939087},"size":11.886232376098633,"orthographic":false}